{
    "Random Forest": {
        "accuracy": 0.8824858757062147,
        "auc": 0.9187123573387077,
        "precision": 0.881146848820639,
        "recall": 0.8824858757062147
    },
    "Gradient Boosting": {
        "accuracy": 0.8836158192090395,
        "auc": 0.9172945325865343,
        "precision": 0.882256735785374,
        "recall": 0.8836158192090395
    },
    "Neural Network": {
        "accuracy": 0.880225988700565,
        "auc": 0.9293460429800099,
        "precision": 0.8799961696830412,
        "recall": 0.880225988700565
    },
    "Ensemble": {
        "accuracy": 0.8847457627118644,
        "auc": 0.920721918867615,
        "precision": 0.8834174577759001,
        "recall": 0.8847457627118644
    }
}